{
  "train_loss": [
    5.722410167304882,
    3.647461585741898,
    2.6892333078322643,
    2.2016379084376436,
    1.9015172538010743,
    1.7113677526038402,
    1.5770628028060742,
    1.4521798663284131,
    1.3647251379851866,
    1.2935114721477177,
    1.224701697642142,
    1.164494345311313,
    1.1220033619005503,
    1.0658864377247959,
    1.0379714639808895,
    0.9971087907849328,
    0.9665395351704427,
    0.9485071888809188,
    0.9100627752341269,
    0.8784587462542983,
    0.8638167845926656,
    0.8435269653960121,
    0.8142426345567597,
    0.7881784724852974,
    0.778195689283424,
    0.7678487036104321,
    0.7423147968430024,
    0.7225207016328751,
    0.7108825048091069,
    0.7055000985023838
  ],
  "train_acc": [
    0.11751331126780831,
    0.36612462224780545,
    0.5079291984458195,
    0.5797093106921859,
    0.6264498488991221,
    0.6542524104187653,
    0.6753489710749748,
    0.69569722262196,
    0.7136566412433444,
    0.7269822996114549,
    0.7363649445963448,
    0.7481939847460066,
    0.7595049647431285,
    0.7681393006187941,
    0.7759677651460641,
    0.7836811051949921,
    0.790559792775939,
    0.7936969348107641,
    0.8046625413728594,
    0.8094689883436466,
    0.8147359332278026,
    0.8192833501223198,
    0.8234853935818104,
    0.8305079867606849,
    0.8318031371420348,
    0.8361778673190388,
    0.8416462800402935,
    0.8473161605986473,
    0.8467693193265218,
    0.8501367103180314
  ],
  "val_loss": [
    3.952267457780685,
    2.50053046170832,
    1.9566530444140098,
    1.7206094598332564,
    1.5727513472158143,
    1.519481068024549,
    1.4658259909705424,
    1.43799324552836,
    1.4488551878607032,
    1.4185231697064045,
    1.434837871050002,
    1.4256148560144997,
    1.424863598555167,
    1.422297681742349,
    1.439134513423238,
    1.448593234213645,
    1.4762947636844248,
    1.4813951090103565,
    1.4933860280700342,
    1.4765109280193154,
    1.5113611630022359,
    1.5135758493799292,
    1.525777628857537,
    1.5236699109231822,
    1.5554498995319788,
    1.561387386335392,
    1.5779670726696873,
    1.575042069733158,
    1.5626213494655037,
    1.5889895415992843
  ],
  "val_acc": [
    0.31022176905429516,
    0.48049961763956156,
    0.563089472342595,
    0.6023451440224318,
    0.6214631659444303,
    0.6324241651797095,
    0.6408360948253887,
    0.6357379556461892,
    0.6446596992097884,
    0.6438949783329085,
    0.638287025235789,
    0.6492480244710681,
    0.6408360948253887,
    0.649502931430028,
    0.6446596992097884,
    0.6398164669895489,
    0.6357379556461892,
    0.6354830486872292,
    0.636757583482029,
    0.6405811878664287,
    0.6303849095080296,
    0.6403262809074688,
    0.637267397399949,
    0.6288554677542697,
    0.6280907468773897,
    0.6308947234259495,
    0.62375732857507,
    0.6191690033137904,
    0.637522304358909,
    0.6283456538363498
  ],
  "epoch_times": [
    211.53246116638184,
    212.68815755844116,
    178.8845341205597,
    178.99690771102905,
    178.1411325931549,
    175.38474369049072,
    167.05485463142395,
    178.84362483024597,
    171.5495002269745,
    194.70876574516296,
    175.97362184524536,
    172.09144639968872,
    172.0408914089203,
    172.32798719406128,
    172.0366711616516,
    187.43865275382996,
    184.72545528411865,
    177.31304025650024,
    173.92918229103088,
    173.32905459403992,
    173.3564748764038,
    172.08494424819946,
    172.1999328136444,
    175.04376769065857,
    173.64576816558838,
    173.37854027748108,
    173.67520928382874,
    175.44987058639526,
    177.72193837165833,
    179.1479332447052
  ]
}